rf_FN,rf_FP
0.14593781344032097,0.14764764764764765
