rf_FN,rf_FP
0.13841524573721165,0.14014014014014015
