rf_FN,rf_FP
0.14994984954864593,0.15165165165165165
