rf_FN,rf_FP
0.13239719157472418,0.13413413413413414
