rf_FN,rf_FP
0.12286860581745236,0.12462462462462462
