rf_FN,rf_FP
0.15396188565697091,0.15565565565565564
