rf_FN,rf_FP
0.15897693079237712,0.16066066066066065
