rf_FN,rf_FP
0.12988966900702106,0.13163163163163163
