rf_FN,rf_FP
0.12086258776328987,0.12262262262262262
