rf_FN,rf_FP
0.05265797392176529,0.05455455455455455
