rf_FN,rf_FP
0.08726178535606821,0.0890890890890891
