rf_FN,rf_FP
0.08575727181544635,0.08758758758758758
