rf_FN,rf_FP
0.05315947843530592,0.055055055055055056
