rf_FN,rf_FP
0.08475426278836509,0.08658658658658659
