rf_FN,rf_FP
0.051654964894684054,0.053553553553553554
