rf_FN,rf_FP
0.05065195586760281,0.052552552552552555
