rf_FN,rf_FP
0.07361041562343515,0.07407407407407407
