rf_FN,rf_FP
0.045067601402103155,0.045545545545545546
