rf_FN,rf_FP
0.085628442663996,0.08608608608608609
