rf_FN,rf_FP
0.08963445167751627,0.09009009009009009
