rf_FN,rf_FP
0.05458187280921382,0.055055055055055056
