rf_FN,rf_FP
0.06309464196294441,0.06356356356356356
