rf_FN,rf_FP
0.05408112168252378,0.05455455455455455
