rf_FN,rf_FP
0.06609914872308463,0.06656656656656657
