rf_FN,rf_FP
0.08162243365047571,0.08208208208208208
