rf_FN,rf_FP
0.08362543815723586,0.08408408408408409
