rf_FN,rf_FP
0.0756134201301953,0.07607607607607608
