rf_FN,rf_FP
0.07661492238357537,0.07707707707707707
