rf_FN,rf_FP
0.05257886830245368,0.05305305305305305
