rf_FN,rf_FP
0.05107661492238358,0.05155155155155155
