rf_FN,rf_FP
0.3074222668004012,0.3088088088088088
