rf_FN,rf_FP
0.09929789368104312,0.1011011011011011
