rf_FN,rf_FP
0.11997991967871485,0.12262262262262262
