rf_FN,rf_FP
0.11847389558232932,0.12112112112112113
