rf_FN,rf_FP
0.1716867469879518,0.17417417417417416
