rf_FN,rf_FP
0.1646586345381526,0.16716716716716717
