rf_FN,rf_FP
0.13704819277108435,0.13963963963963963
