rf_FN,rf_FP
0.17218875502008033,0.17467467467467468
