rf_FN,rf_FP
0.14859437751004015,0.15115115115115116
