rf_FN,rf_FP
0.1927710843373494,0.19519519519519518
