rf_FN,rf_FP
0.1922690763052209,0.1946946946946947
