rf_FN,rf_FP
0.10341365461847389,0.1061061061061061
