rf_FN,rf_FP
0.10140562248995984,0.1041041041041041
