rf_FN,rf_FP
0.12751004016064257,0.13013013013013014
