rf_FN,rf_FP
0.10291164658634538,0.10560560560560561
