rf_FN,rf_FP
0.10190763052208836,0.1046046046046046
