rf_FN,rf_FP
0.1280120481927711,0.13063063063063063
