rf_FN,rf_FP
0.12349397590361445,0.12612612612612611
