rf_FN,rf_FP
0.0871306960440661,0.08758758758758758
