rf_FN,rf_FP
0.061091637456184275,0.06156156156156156
