rf_FN,rf_FP
0.0971457185778668,0.09759759759759759
