rf_FN,rf_FP
0.05658487731597396,0.057057057057057055
