rf_FN,rf_FP
0.06760140210315473,0.06806806806806807
