rf_FN,rf_FP
0.08512769153730596,0.08558558558558559
