rf_FN,rf_FP
0.09964947421131698,0.1001001001001001
