rf_FN,rf_FP
0.09113670505758638,0.0915915915915916
