rf_FN,rf_FP
0.06259389083625438,0.06306306306306306
