rf_FN,rf_FP
0.05157736604907361,0.05205205205205205
