rf_FN,rf_FP
0.08012018027040561,0.08058058058058058
