rf_FN,rf_FP
0.07411116675012519,0.07457457457457457
