rf_FN,rf_FP
0.0500751126690035,0.05055055055055055
