rf_FN,rf_FP
0.07761642463695544,0.07807807807807808
