rf_FN,rf_FP
0.10742971887550201,0.11011011011011011
