rf_FN,rf_FP
0.08684738955823293,0.08958958958958958
