rf_FN,rf_FP
0.07178714859437751,0.07457457457457457
