rf_FN,rf_FP
0.09036144578313253,0.09309309309309309
