rf_FN,rf_FP
0.09939759036144578,0.1021021021021021
