rf_FN,rf_FP
0.09588353413654618,0.0985985985985986
