rf_FN,rf_FP
0.12048192771084337,0.12312312312312312
