rf_FN,rf_FP
0.10240963855421686,0.10510510510510511
