rf_FN,rf_FP
0.06124497991967871,0.06406406406406406
