rf_FN,rf_FP
0.09337349397590361,0.0960960960960961
