rf_FN,rf_FP
0.0642570281124498,0.06706706706706707
