rf_FN,rf_FP
0.05973895582329317,0.06256256256256257
