rf_FN,rf_FP
0.08483935742971888,0.08758758758758758
