rf_FN,rf_FP
0.20281124497991967,0.20520520520520522
