rf_FN,rf_FP
0.2063253012048193,0.2087087087087087
