rf_FN,rf_FP
0.232429718875502,0.23473473473473475
