rf_FN,rf_FP
0.2419678714859438,0.24424424424424424
