rf_FN,rf_FP
0.23744979919678716,0.23973973973973975
