rf_FN,rf_FP
0.22238955823293172,0.2247247247247247
