rf_FN,rf_FP
0.2113453815261044,0.21371371371371373
