rf_FN,rf_FP
0.2394578313253012,0.24174174174174173
