rf_FN,rf_FP
0.22640562248995985,0.22872872872872874
