rf_FN,rf_FP
0.10491967871485944,0.10760760760760761
