rf_FN,rf_FP
0.1350401606425703,0.13763763763763764
