rf_FN,rf_FP
0.1360441767068273,0.13863863863863865
