rf_FN,rf_FP
0.1320281124497992,0.13463463463463463
