rf_FN,rf_FP
0.10642570281124498,0.1091091091091091
