rf_FN,rf_FP
0.13002008032128515,0.13263263263263264
