rf_FN,rf_FP
0.10943775100401607,0.11211211211211211
