rf_FN,rf_FP
0.1330321285140562,0.13563563563563563
