rf_FN,rf_FP
0.2914371557336004,0.29179179179179177
