rf_FN,rf_FP
0.07310966449674512,0.07357357357357357
