rf_FN,rf_FP
0.10065097646469705,0.1011011011011011
