rf_FN,rf_FP
0.10766149223835754,0.10810810810810811
