rf_FN,rf_FP
0.12368552829243866,0.12412412412412413
