rf_FN,rf_FP
0.09414121181772658,0.0945945945945946
