rf_FN,rf_FP
0.09364046069103656,0.0940940940940941
