rf_FN,rf_FP
0.10916374561842764,0.10960960960960961
