rf_FN,rf_FP
0.11617426139208813,0.11661661661661661
