rf_FN,rf_FP
0.08462694041061593,0.08508508508508508
