rf_FN,rf_FP
0.0771156735102654,0.07757757757757758
