rf_FN,rf_FP
0.11967951927891837,0.12012012012012012
