rf_FN,rf_FP
0.07911867801702553,0.07957957957957958
