rf_FN,rf_FP
0.07461191787681522,0.07507507507507508
