rf_FN,rf_FP
0.04807210816224337,0.04854854854854855
