rf_FN,rf_FP
0.07961942914371557,0.08008008008008008
