rf_FN,rf_FP
0.0485728592889334,0.04904904904904905
