rf_FN,rf_FP
0.05057586379569354,0.05105105105105105
