rf_FN,rf_FP
0.049073610415623435,0.04954954954954955
