rf_FN,rf_FP
0.04707060590886329,0.047547547547547545
