rf_FN,rf_FP
0.0786179268903355,0.07907907907907907
