rf_FN,rf_FP
0.04757135703555333,0.04804804804804805
