rf_FN,rf_FP
0.09428284854563691,0.0960960960960961
