rf_FN,rf_FP
0.10982948846539618,0.11161161161161161
