rf_FN,rf_FP
0.0712136409227683,0.07307307307307308
