rf_FN,rf_FP
0.11434302908726178,0.11611611611611612
