rf_FN,rf_FP
0.07973921765295888,0.08158158158158157
