rf_FN,rf_FP
0.09327983951855567,0.09509509509509509
