rf_FN,rf_FP
0.09578736208625878,0.09759759759759759
