rf_FN,rf_FP
0.11183550651955868,0.11361361361361362
