rf_FN,rf_FP
0.06720160481444333,0.06906906906906907
