rf_FN,rf_FP
0.08876629889669008,0.09059059059059059
