rf_FN,rf_FP
0.09127382146439318,0.09309309309309309
