rf_FN,rf_FP
0.08826479438314945,0.09009009009009009
