rf_FN,rf_FP
0.057673019057171516,0.059559559559559556
