rf_FN,rf_FP
0.27432296890672014,0.2757757757757758
