rf_FN,rf_FP
0.3463855421686747,0.3483483483483483
