rf_FN,rf_FP
0.15813253012048192,0.16066066066066065
