rf_FN,rf_FP
0.11985957873620863,0.12162162162162163
