rf_FN,rf_FP
0.14393179538615847,0.14564564564564564
