rf_FN,rf_FP
0.14292878635907724,0.14464464464464463
