rf_FN,rf_FP
0.16148445336008024,0.16316316316316315
