rf_FN,rf_FP
0.14844533600802406,0.15015015015015015
