rf_FN,rf_FP
0.137913741223671,0.13963963963963963
