rf_FN,rf_FP
0.15997993981945838,0.16166166166166165
