rf_FN,rf_FP
0.09077231695085256,0.09259259259259259
