rf_FN,rf_FP
0.06369107321965897,0.06556556556556556
