rf_FN,rf_FP
0.06018054162487462,0.062062062062062065
