rf_FN,rf_FP
0.08625877632898696,0.08808808808808809
