rf_FN,rf_FP
0.062186559679037114,0.06406406406406406
