rf_FN,rf_FP
0.17771084337349397,0.18018018018018017
