rf_FN,rf_FP
0.17520080321285142,0.17767767767767767
