rf_FN,rf_FP
0.17369477911646586,0.17617617617617617
