rf_FN,rf_FP
0.11395582329317269,0.11661661661661661
