rf_FN,rf_FP
0.1636546184738956,0.16616616616616617
