rf_FN,rf_FP
0.15963855421686746,0.16216216216216217
