rf_FN,rf_FP
0.14457831325301204,0.14714714714714713
