rf_FN,rf_FP
0.16716867469879518,0.16966966966966968
