rf_FN,rf_FP
0.06526104417670683,0.06806806806806807
