rf_FN,rf_FP
0.08132530120481928,0.08408408408408409
