rf_FN,rf_FP
0.06224899598393574,0.06506506506506507
