rf_FN,rf_FP
0.09186746987951808,0.0945945945945946
