rf_FN,rf_FP
0.0928714859437751,0.09559559559559559
