rf_FN,rf_FP
0.06325301204819277,0.06606606606606606
