rf_FN,rf_FP
0.0687061183550652,0.07057057057057058
