rf_FN,rf_FP
0.09979939819458375,0.1016016016016016
