rf_FN,rf_FP
0.09277833500501505,0.0945945945945946
