rf_FN,rf_FP
0.11033099297893681,0.11211211211211211
