rf_FN,rf_FP
0.10381143430290872,0.10560560560560561
