rf_FN,rf_FP
0.09829488465396188,0.1001001001001001
