rf_FN,rf_FP
0.07673019057171515,0.07857857857857858
