rf_FN,rf_FP
0.08224674022066199,0.08408408408408409
