rf_FN,rf_FP
0.0641925777331996,0.06606606606606606
