rf_FN,rf_FP
0.06569709127382146,0.06756756756756757
