rf_FN,rf_FP
0.06469408224674023,0.06656656656656657
