rf_FN,rf_FP
0.06318956870611836,0.06506506506506507
