rf_FN,rf_FP
0.09177532597793381,0.0935935935935936
