rf_FN,rf_FP
0.08926780341023069,0.09109109109109109
