rf_FN,rf_FP
0.2816265060240964,0.28378378378378377
