rf_FN,rf_FP
0.10592369477911646,0.1086086086086086
