rf_FN,rf_FP
0.06820461384152457,0.07007007007007007
