rf_FN,rf_FP
0.11584754262788365,0.11761761761761762
