rf_FN,rf_FP
0.10932798395185557,0.1111111111111111
