rf_FN,rf_FP
0.10732196589769308,0.1091091091091091
