rf_FN,rf_FP
0.11634904714142427,0.11811811811811812
