rf_FN,rf_FP
0.1168505516549649,0.11861861861861862
