rf_FN,rf_FP
0.06619859578736209,0.06806806806806807
