rf_FN,rf_FP
0.09879638916750251,0.1006006006006006
