rf_FN,rf_FP
0.08425275827482448,0.08608608608608609
