rf_FN,rf_FP
0.05667001003009027,0.05855855855855856
