rf_FN,rf_FP
0.04513540621865597,0.04704704704704705
