rf_FN,rf_FP
0.05366098294884654,0.05555555555555555
