rf_FN,rf_FP
0.119358074222668,0.12112112112112113
