rf_FN,rf_FP
0.07422266800401203,0.07607607607607608
