rf_FN,rf_FP
0.1123370110330993,0.11411411411411411
