rf_FN,rf_FP
0.0667001003009027,0.06856856856856856
