rf_FN,rf_FP
0.12788365095285859,0.12962962962962962
