rf_FN,rf_FP
0.10030090270812438,0.1021021021021021
