rf_FN,rf_FP
0.11785356068204614,0.11961961961961962
