rf_FN,rf_FP
0.13039117352056168,0.13213213213213212
