rf_FN,rf_FP
0.08976930792377132,0.0915915915915916
