rf_FN,rf_FP
0.09528585757271815,0.0970970970970971
