rf_FN,rf_FP
0.08776328986960882,0.08958958958958958
