rf_FN,rf_FP
0.054663991975927785,0.05655655655655656
