rf_FN,rf_FP
0.04964894684052156,0.05155155155155155
