rf_FN,rf_FP
0.047642928786359076,0.04954954954954955
