rf_FN,rf_FP
0.08676028084252758,0.08858858858858859
