rf_FN,rf_FP
0.055165496489468405,0.057057057057057055
