rf_FN,rf_FP
0.08375125376128385,0.08558558558558559
