rf_FN,rf_FP
0.12399598393574297,0.12662662662662663
