rf_FN,rf_FP
0.12299196787148595,0.12562562562562563
