rf_FN,rf_FP
0.13654618473895583,0.13913913913913914
