rf_FN,rf_FP
0.11897590361445783,0.12162162162162163
