rf_FN,rf_FP
0.08835341365461848,0.09109109109109109
