rf_FN,rf_FP
0.1179718875502008,0.12062062062062062
