rf_FN,rf_FP
0.10391566265060241,0.1066066066066066
