rf_FN,rf_FP
0.07781124497991967,0.08058058058058058
