rf_FN,rf_FP
0.0607429718875502,0.06356356356356356
