rf_FN,rf_FP
0.1430722891566265,0.14564564564564564
