rf_FN,rf_FP
0.06275100401606426,0.06556556556556556
