rf_FN,rf_FP
0.06375502008032129,0.06656656656656657
