rf_FN,rf_FP
0.05622489959839357,0.05905905905905906
