rf_FN,rf_FP
0.08985943775100401,0.09259259259259259
