rf_FN,rf_FP
0.058734939759036146,0.06156156156156156
