rf_FN,rf_FP
0.0823293172690763,0.08508508508508508
