rf_FN,rf_FP
0.08634538152610442,0.0890890890890891
