rf_FN,rf_FP
0.13403614457831325,0.13663663663663664
