rf_FN,rf_FP
0.18122489959839358,0.18368368368368368
