rf_FN,rf_FP
0.12951807228915663,0.13213213213213212
