rf_FN,rf_FP
0.11596385542168675,0.11861861861861862
