rf_FN,rf_FP
0.14206827309236947,0.14464464464464463
