rf_FN,rf_FP
0.16214859437751003,0.16466466466466467
