rf_FN,rf_FP
0.14909638554216867,0.15165165165165165
