rf_FN,rf_FP
0.11546184738955824,0.11811811811811812
