rf_FN,rf_FP
0.15060240963855423,0.15315315315315314
