rf_FN,rf_FP
0.12198795180722892,0.12462462462462462
