rf_FN,rf_FP
0.09789156626506024,0.1006006006006006
