rf_FN,rf_FP
0.1209839357429719,0.12362362362362363
