rf_FN,rf_FP
0.10090361445783133,0.1036036036036036
