rf_FN,rf_FP
0.09738955823293173,0.1001001001001001
