rf_FN,rf_FP
0.12650602409638553,0.12912912912912913
