rf_FN,rf_FP
0.12550200803212852,0.12812812812812813
