rf_FN,rf_FP
0.09989959839357429,0.10260260260260261
